Date/Time;CV1_SP;CV1_AV;CV2_SP;CV2_AV;CV3_SP;CV3_AV;SV1_SP;SV2_SP;SV3_SP;MV1_AV;MV2_AV;MV3_AV;MV4_AV;MV5_AV;MV6_AV;
2024.05.14 11:13:36;-20.000;-19.950;0.000;0.000;0.600;0.706;50.000;0.000;2.000;0.000;0.000;0.000;0.000;0.000;0.000
2024.05.14 11:14:37;-20.000;-19.926;0.000;0.000;0.600;0.706;50.000;0.000;2.000;0.000;0.000;0.000;0.000;0.000;0.000
2024.05.14 11:15:37;-20.000;-19.939;0.000;0.000;0.600;0.706;50.000;0.000;2.000;0.000;0.000;0.000;0.000;0.000;0.000
2024.05.14 11:16:37;-20.000;-19.932;0.000;0.000;0.600;0.705;50.000;0.000;2.000;0.000;0.000;0.000;0.000;0.000;0.000
2024.05.14 11:17:37;-20.000;-19.937;0.000;0.000;0.600;0.705;50.000;0.000;2.000;0.000;0.000;0.000;0.000;0.000;0.000
2024.05.14 11:18:37;-20.000;-19.951;0.000;0.000;0.600;0.705;50.000;0.000;2.000;0.000;0.000;0.000;0.000;0.000;0.000
2024.05.14 11:19:37;-20.000;-19.969;0.000;0.000;0.600;0.704;50.000;0.000;2.000;0.000;0.000;0.000;0.000;0.000;0.000
2024.05.14 11:20:38;-20.000;-19.991;0.000;0.000;0.600;0.705;50.000;0.000;2.000;0.000;0.000;0.000;0.000;0.000;0.000
2024.05.14 11:21:38;-20.000;-19.992;0.000;0.000;0.600;0.704;50.000;0.000;2.000;0.000;0.000;0.000;0.000;0.000;0.000
2024.05.14 11:22:38;-20.000;-19.978;0.000;0.000;0.600;0.704;50.000;0.000;2.000;0.000;0.000;0.000;0.000;0.000;0.000
2024.05.14 11:23:38;-20.000;-19.969;0.000;0.000;0.600;0.703;50.000;0.000;2.000;0.000;0.000;0.000;0.000;0.000;0.000
2024.05.14 11:24:38;-20.000;-19.968;0.000;0.000;0.600;0.703;50.000;0.000;2.000;0.000;0.000;0.000;0.000;0.000;0.000
2024.05.14 11:25:38;-20.000;-19.955;0.000;0.000;0.600;0.702;50.000;0.000;2.000;0.000;0.000;0.000;0.000;0.000;0.000
2024.05.14 11:26:38;-20.000;-19.964;0.000;0.000;0.600;0.703;50.000;0.000;2.000;0.000;0.000;0.000;0.000;0.000;0.000
2024.05.14 11:27:39;-20.000;-19.997;0.000;0.000;0.600;0.702;50.000;0.000;2.000;0.000;0.000;0.000;0.000;0.000;0.000
2024.05.14 11:28:39;-20.000;-20.004;0.000;0.000;0.600;0.702;50.000;0.000;2.000;0.000;0.000;0.000;0.000;0.000;0.000
2024.05.14 11:29:39;-20.000;-19.972;0.000;0.000;0.600;0.702;50.000;0.000;2.000;0.000;0.000;0.000;0.000;0.000;0.000
2024.05.14 11:30:39;-20.000;-19.944;0.000;0.000;0.600;0.702;50.000;0.000;2.000;0.000;0.000;0.000;0.000;0.000;0.000
2024.05.14 11:31:39;-20.000;-19.955;0.000;0.000;0.600;0.702;50.000;0.000;2.000;0.000;0.000;0.000;0.000;0.000;0.000
2024.05.14 11:32:40;-20.000;-20.006;0.000;0.000;0.600;0.702;50.000;0.000;2.000;0.000;0.000;0.000;0.000;0.000;0.000
2024.05.14 11:33:40;-20.000;-19.991;0.000;0.000;0.600;0.702;50.000;0.000;2.000;0.000;0.000;0.000;0.000;0.000;0.000
2024.05.14 11:34:40;-20.000;-19.949;0.000;0.000;0.600;0.702;50.000;0.000;2.000;0.000;0.000;0.000;0.000;0.000;0.000
2024.05.14 11:35:40;-20.000;-19.943;0.000;0.000;0.600;0.701;50.000;0.000;2.000;0.000;0.000;0.000;0.000;0.000;0.000
2024.05.14 11:36:40;-20.000;-19.952;0.000;0.000;0.600;0.701;50.000;0.000;2.000;0.000;0.000;0.000;0.000;0.000;0.000
2024.05.14 11:37:40;-20.000;-19.958;0.000;0.000;0.600;0.701;50.000;0.000;2.000;0.000;0.000;0.000;0.000;0.000;0.000
2024.05.14 11:38:41;-20.000;-19.971;0.000;0.000;0.600;0.701;50.000;0.000;2.000;0.000;0.000;0.000;0.000;0.000;0.000
2024.05.14 11:39:41;-20.000;-19.966;0.000;0.000;0.600;0.701;50.000;0.000;2.000;0.000;0.000;0.000;0.000;0.000;0.000
2024.05.14 11:40:41;-20.000;-19.979;0.000;0.000;0.600;0.701;50.000;0.000;2.000;0.000;0.000;0.000;0.000;0.000;0.000
2024.05.14 11:41:41;-20.000;-19.975;0.000;0.000;0.600;0.701;50.000;0.000;2.000;0.000;0.000;0.000;0.000;0.000;0.000
2024.05.14 11:42:41;-20.000;-19.981;0.000;0.000;0.600;0.701;50.000;0.000;2.000;0.000;0.000;0.000;0.000;0.000;0.000
2024.05.14 11:43:41;-20.000;-19.992;0.000;0.000;0.600;0.700;50.000;0.000;2.000;0.000;0.000;0.000;0.000;0.000;0.000
2024.05.14 11:44:42;-20.000;-19.981;0.000;0.000;0.600;0.699;50.000;0.000;2.000;0.000;0.000;0.000;0.000;0.000;0.000
2024.05.14 11:45:42;-20.000;-19.983;0.000;0.000;0.600;0.701;50.000;0.000;2.000;0.000;0.000;0.000;0.000;0.000;0.000
2024.05.14 11:46:42;-20.000;-19.972;0.000;0.000;0.600;0.701;50.000;0.000;2.000;0.000;0.000;0.000;0.000;0.000;0.000
2024.05.14 11:47:42;-20.000;-19.980;0.000;0.000;0.600;0.701;50.000;0.000;2.000;0.000;0.000;0.000;0.000;0.000;0.000
2024.05.14 11:48:42;-20.000;-20.004;0.000;0.000;0.600;0.700;50.000;0.000;2.000;0.000;0.000;0.000;0.000;0.000;0.000
2024.05.14 11:49:42;-20.000;-19.993;0.000;0.000;0.600;0.700;50.000;0.000;2.000;0.000;0.000;0.000;0.000;0.000;0.000
2024.05.14 11:50:42;-20.000;-19.977;0.000;0.000;0.600;0.701;50.000;0.000;2.000;0.000;0.000;0.000;0.000;0.000;0.000
2024.05.14 11:51:43;-20.000;-19.971;0.000;0.000;0.600;0.701;50.000;0.000;2.000;0.000;0.000;0.000;0.000;0.000;0.000
2024.05.14 11:52:43;-20.000;-19.979;0.000;0.000;0.600;0.701;50.000;0.000;2.000;0.000;0.000;0.000;0.000;0.000;0.000
2024.05.14 11:53:43;-20.000;-19.978;0.000;0.000;0.600;0.701;50.000;0.000;2.000;0.000;0.000;0.000;0.000;0.000;0.000
2024.05.14 11:54:43;-20.000;-19.987;0.000;0.000;0.600;0.701;50.000;0.000;2.000;0.000;0.000;0.000;0.000;0.000;0.000
2024.05.14 11:55:43;-20.000;-20.000;0.000;0.000;0.600;0.701;50.000;0.000;2.000;0.000;0.000;0.000;0.000;0.000;0.000
2024.05.14 11:56:43;-20.000;-19.978;0.000;0.000;0.600;0.701;50.000;0.000;2.000;0.000;0.000;0.000;0.000;0.000;0.000
2024.05.14 11:57:43;-20.000;-19.977;0.000;0.000;0.600;0.701;50.000;0.000;2.000;0.000;0.000;0.000;0.000;0.000;0.000
2024.05.14 11:58:43;-20.000;-19.961;0.000;0.000;0.600;0.701;50.000;0.000;2.000;0.000;0.000;0.000;0.000;0.000;0.000
2024.05.14 11:59:44;-20.000;-19.972;0.000;0.000;0.600;0.701;50.000;0.000;2.000;0.000;0.000;0.000;0.000;0.000;0.000
2024.05.14 12:00:44;-20.000;-19.962;0.000;0.000;0.600;0.701;50.000;0.000;2.000;0.000;0.000;0.000;0.000;0.000;0.000
2024.05.14 12:01:44;-20.000;-19.974;0.000;0.000;0.600;0.701;50.000;0.000;2.000;0.000;0.000;0.000;0.000;0.000;0.000
2024.05.14 12:02:44;-20.000;-19.976;0.000;0.000;0.600;0.701;50.000;0.000;2.000;0.000;0.000;0.000;0.000;0.000;0.000
2024.05.14 12:03:44;-20.000;-19.985;0.000;0.000;0.600;0.701;50.000;0.000;2.000;0.000;0.000;0.000;0.000;0.000;0.000
2024.05.14 12:04:44;-20.000;-19.996;0.000;0.000;0.600;0.701;50.000;0.000;2.000;0.000;0.000;0.000;0.000;0.000;0.000
2024.05.14 12:05:45;-20.000;-19.984;0.000;0.000;0.600;0.701;50.000;0.000;2.000;0.000;0.000;0.000;0.000;0.000;0.000
2024.05.14 12:06:45;-20.000;-19.990;0.000;0.000;0.600;0.701;50.000;0.000;2.000;0.000;0.000;0.000;0.000;0.000;0.000
2024.05.14 12:07:45;-20.000;-19.976;0.000;0.000;0.600;0.701;50.000;0.000;2.000;0.000;0.000;0.000;0.000;0.000;0.000
2024.05.14 12:08:45;-20.000;-19.969;0.000;0.000;0.600;0.701;50.000;0.000;2.000;0.000;0.000;0.000;0.000;0.000;0.000
2024.05.14 12:09:45;-20.000;-19.975;0.000;0.000;0.600;0.701;50.000;0.000;2.000;0.000;0.000;0.000;0.000;0.000;0.000
2024.05.14 12:10:45;-20.000;-19.989;0.000;0.000;0.600;0.701;50.000;0.000;2.000;0.000;0.000;0.000;0.000;0.000;0.000
2024.05.14 12:11:46;-20.000;-20.000;0.000;0.000;0.600;0.701;50.000;0.000;2.000;0.000;0.000;0.000;0.000;0.000;0.000
2024.05.14 12:12:46;-20.000;-20.010;0.000;0.000;0.600;0.701;50.000;0.000;2.000;0.000;0.000;0.000;0.000;0.000;0.000
2024.05.14 12:13:46;-20.000;-20.004;0.000;0.000;0.600;0.701;50.000;0.000;2.000;0.000;0.000;0.000;0.000;0.000;0.000
2024.05.14 12:14:46;-20.000;-19.990;0.000;0.000;0.600;0.701;50.000;0.000;2.000;0.000;0.000;0.000;0.000;0.000;0.000
2024.05.14 12:15:46;-20.000;-19.980;0.000;0.000;0.600;0.701;50.000;0.000;2.000;0.000;0.000;0.000;0.000;0.000;0.000
2024.05.14 12:16:46;-20.000;-19.969;0.000;0.000;0.600;0.701;50.000;0.000;2.000;0.000;0.000;0.000;0.000;0.000;0.000
2024.05.14 12:17:47;-20.000;-19.975;0.000;0.000;0.600;0.701;50.000;0.000;2.000;0.000;0.000;0.000;0.000;0.000;0.000
2024.05.14 12:18:47;-20.000;-19.955;0.000;0.000;0.600;0.701;50.000;0.000;2.000;0.000;0.000;0.000;0.000;0.000;0.000
2024.05.14 12:19:47;-20.000;-19.965;0.000;0.000;0.600;0.701;50.000;0.000;2.000;0.000;0.000;0.000;0.000;0.000;0.000
2024.05.14 12:20:47;-20.000;-19.993;0.000;0.000;0.600;0.701;50.000;0.000;2.000;0.000;0.000;0.000;0.000;0.000;0.000
2024.05.14 12:21:47;-20.000;-19.983;0.000;0.000;0.600;0.701;50.000;0.000;2.000;0.000;0.000;0.000;0.000;0.000;0.000
2024.05.14 12:22:47;-20.000;-19.989;0.000;0.000;0.600;0.701;50.000;0.000;2.000;0.000;0.000;0.000;0.000;0.000;0.000
2024.05.14 12:23:48;-20.000;-19.985;0.000;0.000;0.600;0.701;50.000;0.000;2.000;0.000;0.000;0.000;0.000;0.000;0.000
2024.05.14 12:24:48;-20.000;-19.968;0.000;0.000;0.600;0.701;50.000;0.000;2.000;0.000;0.000;0.000;0.000;0.000;0.000
2024.05.14 12:25:48;-20.000;-19.987;0.000;0.000;0.600;0.701;50.000;0.000;2.000;0.000;0.000;0.000;0.000;0.000;0.000
2024.05.14 12:26:48;-20.000;-19.985;0.000;0.000;0.600;0.701;50.000;0.000;2.000;0.000;0.000;0.000;0.000;0.000;0.000
2024.05.14 12:27:48;-20.000;-19.996;0.000;0.000;0.600;0.701;50.000;0.000;2.000;0.000;0.000;0.000;0.000;0.000;0.000
2024.05.14 12:28:48;-20.000;-19.982;0.000;0.000;0.600;0.701;50.000;0.000;2.000;0.000;0.000;0.000;0.000;0.000;0.000
2024.05.14 12:29:48;-20.000;-19.958;0.000;0.000;0.600;0.701;50.000;0.000;2.000;0.000;0.000;0.000;0.000;0.000;0.000
2024.05.14 12:30:48;-20.000;-19.976;0.000;0.000;0.600;0.701;50.000;0.000;2.000;0.000;0.000;0.000;0.000;0.000;0.000
2024.05.14 12:31:48;-20.000;-19.977;0.000;0.000;0.600;0.701;50.000;0.000;2.000;0.000;0.000;0.000;0.000;0.000;0.000
2024.05.14 12:32:48;-20.000;-19.985;0.000;0.000;0.600;0.701;50.000;0.000;2.000;0.000;0.000;0.000;0.000;0.000;0.000
2024.05.14 12:33:48;-20.000;-19.976;0.000;0.000;0.600;0.701;50.000;0.000;2.000;0.000;0.000;0.000;0.000;0.000;0.000
2024.05.14 12:34:48;-20.000;-19.969;0.000;0.000;0.600;0.702;50.000;0.000;2.000;0.000;0.000;0.000;0.000;0.000;0.000
2024.05.14 12:35:49;-20.000;-19.983;0.000;0.000;0.600;0.701;50.000;0.000;2.000;0.000;0.000;0.000;0.000;0.000;0.000
2024.05.14 12:36:49;-20.000;-19.984;0.000;0.000;0.600;0.701;50.000;0.000;2.000;0.000;0.000;0.000;0.000;0.000;0.000
2024.05.14 12:37:49;-20.000;-19.977;0.000;0.000;0.600;0.701;50.000;0.000;2.000;0.000;0.000;0.000;0.000;0.000;0.000
2024.05.14 12:38:49;-20.000;-19.967;0.000;0.000;0.600;0.701;50.000;0.000;2.000;0.000;0.000;0.000;0.000;0.000;0.000
2024.05.14 12:39:49;-20.000;-19.980;0.000;0.000;0.600;0.702;50.000;0.000;2.000;0.000;0.000;0.000;0.000;0.000;0.000
2024.05.14 12:40:49;-20.000;-19.984;0.000;0.000;0.600;0.701;50.000;0.000;2.000;0.000;0.000;0.000;0.000;0.000;0.000
2024.05.14 12:41:49;-20.000;-19.990;0.000;0.000;0.600;0.701;50.000;0.000;2.000;0.000;0.000;0.000;0.000;0.000;0.000
2024.05.14 12:42:49;-20.000;-19.991;0.000;0.000;0.600;0.701;50.000;0.000;2.000;0.000;0.000;0.000;0.000;0.000;0.000
2024.05.14 12:43:49;-20.000;-19.990;0.000;0.000;0.600;0.701;50.000;0.000;2.000;0.000;0.000;0.000;0.000;0.000;0.000
2024.05.14 12:44:50;-20.000;-19.987;0.000;0.000;0.600;0.701;50.000;0.000;2.000;0.000;0.000;0.000;0.000;0.000;0.000
2024.05.14 12:45:50;-20.000;-19.991;0.000;0.000;0.600;0.701;50.000;0.000;2.000;0.000;0.000;0.000;0.000;0.000;0.000
2024.05.14 12:46:50;-20.000;-19.969;0.000;0.000;0.600;0.701;50.000;0.000;2.000;0.000;0.000;0.000;0.000;0.000;0.000
2024.05.14 12:47:50;-20.000;-19.978;0.000;0.000;0.600;0.701;50.000;0.000;2.000;0.000;0.000;0.000;0.000;0.000;0.000
2024.05.14 12:48:50;-20.000;-19.980;0.000;0.000;0.600;0.701;50.000;0.000;2.000;0.000;0.000;0.000;0.000;0.000;0.000
2024.05.14 12:49:50;-20.000;-19.990;0.000;0.000;0.600;0.701;50.000;0.000;2.000;0.000;0.000;0.000;0.000;0.000;0.000
2024.05.14 12:50:50;-20.000;-19.979;0.000;0.000;0.600;0.701;50.000;0.000;2.000;0.000;0.000;0.000;0.000;0.000;0.000
2024.05.14 12:51:50;-20.000;-19.983;0.000;0.000;0.600;0.701;50.000;0.000;2.000;0.000;0.000;0.000;0.000;0.000;0.000
2024.05.14 12:52:51;-20.000;-20.004;0.000;0.000;0.600;0.701;50.000;0.000;2.000;0.000;0.000;0.000;0.000;0.000;0.000
2024.05.14 12:53:51;-20.000;-19.982;0.000;0.000;0.600;0.701;50.000;0.000;2.000;0.000;0.000;0.000;0.000;0.000;0.000
2024.05.14 12:54:51;-20.000;-19.975;0.000;0.000;0.600;0.701;50.000;0.000;2.000;0.000;0.000;0.000;0.000;0.000;0.000
2024.05.14 12:55:51;-20.000;-19.968;0.000;0.000;0.600;0.701;50.000;0.000;2.000;0.000;0.000;0.000;0.000;0.000;0.000
2024.05.14 12:56:51;-20.000;-19.978;0.000;0.000;0.600;0.701;50.000;0.000;2.000;0.000;0.000;0.000;0.000;0.000;0.000
2024.05.14 12:57:51;-20.000;-19.976;0.000;0.000;0.600;0.701;50.000;0.000;2.000;0.000;0.000;0.000;0.000;0.000;0.000
2024.05.14 12:58:52;-20.000;-19.982;0.000;0.000;0.600;0.701;50.000;0.000;2.000;0.000;0.000;0.000;0.000;0.000;0.000
2024.05.14 12:59:52;-20.000;-19.990;0.000;0.000;0.600;0.701;50.000;0.000;2.000;0.000;0.000;0.000;0.000;0.000;0.000
2024.05.14 13:00:52;-20.000;-19.977;0.000;0.000;0.600;0.701;50.000;0.000;2.000;0.000;0.000;0.000;0.000;0.000;0.000
2024.05.14 13:01:52;-20.000;-19.971;0.000;0.000;0.600;0.702;50.000;0.000;2.000;0.000;0.000;0.000;0.000;0.000;0.000
2024.05.14 13:02:52;-20.000;-19.978;0.000;0.000;0.600;0.702;50.000;0.000;2.000;0.000;0.000;0.000;0.000;0.000;0.000
2024.05.14 13:03:52;-20.000;-19.982;0.000;0.000;0.600;0.701;50.000;0.000;2.000;0.000;0.000;0.000;0.000;0.000;0.000
2024.05.14 13:04:52;-20.000;-19.964;0.000;0.000;0.600;0.699;50.000;0.000;2.000;0.000;0.000;0.000;0.000;0.000;0.000
2024.05.14 13:05:52;-20.000;-19.980;0.000;0.000;0.600;0.704;50.000;0.000;2.000;0.000;0.000;0.000;0.000;0.000;0.000
2024.05.14 13:06:52;-20.000;-19.961;0.000;0.000;0.600;0.704;50.000;0.000;2.000;0.000;0.000;0.000;0.000;0.000;0.000
2024.05.14 13:07:53;-20.000;-19.962;0.000;0.000;0.600;0.704;50.000;0.000;2.000;0.000;0.000;0.000;0.000;0.000;0.000
2024.05.14 13:08:53;-20.000;-19.989;0.000;0.000;0.600;0.703;50.000;0.000;2.000;0.000;0.000;0.000;0.000;0.000;0.000
2024.05.14 13:09:53;-20.000;-19.982;0.000;0.000;0.600;0.703;50.000;0.000;2.000;0.000;0.000;0.000;0.000;0.000;0.000
2024.05.14 13:10:53;-20.000;-19.994;0.000;0.000;0.600;0.703;50.000;0.000;2.000;0.000;0.000;0.000;0.000;0.000;0.000
2024.05.14 13:11:53;-20.000;-20.000;0.000;0.000;0.600;0.703;50.000;0.000;2.000;0.000;0.000;0.000;0.000;0.000;0.000
2024.05.14 13:12:53;-20.000;-19.986;0.000;0.000;0.600;0.703;50.000;0.000;2.000;0.000;0.000;0.000;0.000;0.000;0.000
2024.05.14 13:13:53;-20.000;-19.990;0.000;0.000;0.600;0.703;50.000;0.000;2.000;0.000;0.000;0.000;0.000;0.000;0.000
2024.05.14 13:14:54;-20.000;-19.979;0.000;0.000;0.600;0.703;50.000;0.000;2.000;0.000;0.000;0.000;0.000;0.000;0.000
2024.05.14 13:15:54;-20.000;-19.982;0.000;0.000;0.600;0.703;50.000;0.000;2.000;0.000;0.000;0.000;0.000;0.000;0.000
2024.05.14 13:16:54;-20.000;-19.984;0.000;0.000;0.600;0.704;50.000;0.000;2.000;0.000;0.000;0.000;0.000;0.000;0.000
2024.05.14 13:17:54;-20.000;-19.991;0.000;0.000;0.600;0.704;50.000;0.000;2.000;0.000;0.000;0.000;0.000;0.000;0.000
2024.05.14 13:18:54;-20.000;-19.970;0.000;0.000;0.600;0.704;50.000;0.000;2.000;0.000;0.000;0.000;0.000;0.000;0.000
2024.05.14 13:19:54;-20.000;-19.985;0.000;0.000;0.600;0.704;50.000;0.000;2.000;0.000;0.000;0.000;0.000;0.000;0.000
2024.05.14 13:20:54;-20.000;-19.985;0.000;0.000;0.600;0.704;50.000;0.000;2.000;0.000;0.000;0.000;0.000;0.000;0.000
2024.05.14 13:21:55;-20.000;-19.986;0.000;0.000;0.600;0.704;50.000;0.000;2.000;0.000;0.000;0.000;0.000;0.000;0.000
2024.05.14 13:22:55;-20.000;-19.980;0.000;0.000;0.600;0.704;50.000;0.000;2.000;0.000;0.000;0.000;0.000;0.000;0.000
2024.05.14 13:23:55;-20.000;-19.974;0.000;0.000;0.600;0.704;50.000;0.000;2.000;0.000;0.000;0.000;0.000;0.000;0.000
2024.05.14 13:24:55;-20.000;-19.985;0.000;0.000;0.600;0.704;50.000;0.000;2.000;0.000;0.000;0.000;0.000;0.000;0.000
2024.05.14 13:25:55;-20.000;-19.983;0.000;0.000;0.600;0.704;50.000;0.000;2.000;0.000;0.000;0.000;0.000;0.000;0.000
2024.05.14 13:26:55;-20.000;-19.977;0.000;0.000;0.600;0.704;50.000;0.000;2.000;0.000;0.000;0.000;0.000;0.000;0.000
2024.05.14 13:27:55;-20.000;-19.972;0.000;0.000;0.600;0.705;50.000;0.000;2.000;0.000;0.000;0.000;0.000;0.000;0.000
2024.05.14 13:28:56;-20.000;-19.970;0.000;0.000;0.600;0.705;50.000;0.000;2.000;0.000;0.000;0.000;0.000;0.000;0.000
2024.05.14 13:29:56;-20.000;-19.966;0.000;0.000;0.600;0.705;50.000;0.000;2.000;0.000;0.000;0.000;0.000;0.000;0.000
2024.05.14 13:30:56;-20.000;-19.957;0.000;0.000;0.600;0.705;50.000;0.000;2.000;0.000;0.000;0.000;0.000;0.000;0.000
2024.05.14 13:31:56;-20.000;-19.976;0.000;0.000;0.600;0.705;50.000;0.000;2.000;0.000;0.000;0.000;0.000;0.000;0.000
2024.05.14 13:32:56;-20.000;-19.969;0.000;0.000;0.600;0.705;50.000;0.000;2.000;0.000;0.000;0.000;0.000;0.000;0.000
2024.05.14 13:33:56;-20.000;-19.964;0.000;0.000;0.600;0.704;50.000;0.000;2.000;0.000;0.000;0.000;0.000;0.000;0.000
2024.05.14 13:34:56;-20.000;-19.992;0.000;0.000;0.600;0.705;50.000;0.000;2.000;0.000;0.000;0.000;0.000;0.000;0.000
2024.05.14 13:35:56;-20.000;-19.981;0.000;0.000;0.600;0.705;50.000;0.000;2.000;0.000;0.000;0.000;0.000;0.000;0.000
2024.05.14 13:36:57;-20.000;-20.002;0.000;0.000;0.600;0.705;50.000;0.000;2.000;0.000;0.000;0.000;0.000;0.000;0.000
2024.05.14 13:37:57;-20.000;-19.994;0.000;0.000;0.600;0.706;50.000;0.000;2.000;0.000;0.000;0.000;0.000;0.000;0.000
2024.05.14 13:38:57;-20.000;-20.004;0.000;0.000;0.600;0.706;50.000;0.000;2.000;0.000;0.000;0.000;0.000;0.000;0.000
2024.05.14 13:39:57;-20.000;-20.004;0.000;0.000;0.600;0.705;50.000;0.000;2.000;0.000;0.000;0.000;0.000;0.000;0.000
2024.05.14 13:40:57;-20.000;-19.993;0.000;0.000;0.600;0.705;50.000;0.000;2.000;0.000;0.000;0.000;0.000;0.000;0.000
2024.05.14 13:41:58;-20.000;-19.971;0.000;0.000;0.600;0.707;50.000;0.000;2.000;0.000;0.000;0.000;0.000;0.000;0.000
2024.05.14 13:42:58;-20.000;-19.954;0.000;0.000;0.600;0.704;50.000;0.000;2.000;0.000;0.000;0.000;0.000;0.000;0.000
2024.05.14 13:43:58;-20.000;-19.950;0.000;0.000;0.600;0.707;50.000;0.000;2.000;0.000;0.000;0.000;0.000;0.000;0.000
2024.05.14 13:44:58;-20.000;-19.962;0.000;0.000;0.600;0.706;50.000;0.000;2.000;0.000;0.000;0.000;0.000;0.000;0.000
2024.05.14 13:45:58;-20.000;-19.972;0.000;0.000;0.600;0.706;50.000;0.000;2.000;0.000;0.000;0.000;0.000;0.000;0.000
2024.05.14 13:46:58;-20.000;-19.988;0.000;0.000;0.600;0.705;50.000;0.000;2.000;0.000;0.000;0.000;0.000;0.000;0.000
2024.05.14 13:47:58;-20.000;-19.997;0.000;0.000;0.600;0.705;50.000;0.000;2.000;0.000;0.000;0.000;0.000;0.000;0.000
2024.05.14 13:48:58;-20.000;-20.006;0.000;0.000;0.600;0.705;50.000;0.000;2.000;0.000;0.000;0.000;0.000;0.000;0.000
2024.05.14 13:49:59;-20.000;-20.000;0.000;0.000;0.600;0.705;50.000;0.000;2.000;0.000;0.000;0.000;0.000;0.000;0.000
2024.05.14 13:50:59;-20.000;-20.000;0.000;0.000;0.600;0.705;50.000;0.000;2.000;0.000;0.000;0.000;0.000;0.000;0.000
2024.05.14 13:51:59;-20.000;-20.004;0.000;0.000;0.600;0.705;50.000;0.000;2.000;0.000;0.000;0.000;0.000;0.000;0.000
2024.05.14 13:52:59;-20.000;-20.016;0.000;0.000;0.600;0.705;50.000;0.000;2.000;0.000;0.000;0.000;0.000;0.000;0.000
2024.05.14 13:53:59;-20.000;-20.011;0.000;0.000;0.600;0.706;50.000;0.000;2.000;0.000;0.000;0.000;0.000;0.000;0.000
2024.05.14 13:54:59;-20.000;-19.995;0.000;0.000;0.600;0.706;50.000;0.000;2.000;0.000;0.000;0.000;0.000;0.000;0.000
2024.05.14 13:56:00;-20.000;-19.995;0.000;0.000;0.600;0.697;50.000;0.000;2.000;0.000;0.000;0.000;0.000;0.000;0.000
2024.05.14 13:57:00;-20.000;-19.970;0.000;0.000;0.600;0.704;50.000;0.000;2.000;0.000;0.000;0.000;0.000;0.000;0.000
2024.05.14 13:58:00;-20.000;-19.977;0.000;0.000;0.600;0.704;50.000;0.000;2.000;0.000;0.000;0.000;0.000;0.000;0.000
2024.05.14 13:59:00;-20.000;-19.962;0.000;0.000;0.600;0.707;50.000;0.000;2.000;0.000;0.000;0.000;0.000;0.000;0.000
2024.05.14 14:00:00;-20.000;-19.978;0.000;0.000;0.600;0.706;50.000;0.000;2.000;0.000;0.000;0.000;0.000;0.000;0.000
2024.05.14 14:01:00;-20.000;-19.986;0.000;0.000;0.600;0.706;50.000;0.000;2.000;0.000;0.000;0.000;0.000;0.000;0.000
2024.05.14 14:02:01;-20.000;-19.978;0.000;0.000;0.600;0.705;50.000;0.000;2.000;0.000;0.000;0.000;0.000;0.000;0.000
2024.05.14 14:03:01;-20.000;-19.964;0.000;0.000;0.600;0.705;50.000;0.000;2.000;0.000;0.000;0.000;0.000;0.000;0.000
2024.05.14 14:04:01;-20.000;-19.957;0.000;0.000;0.600;0.706;50.000;0.000;2.000;0.000;0.000;0.000;0.000;0.000;0.000
2024.05.14 14:05:01;-20.000;-19.942;0.000;0.000;0.600;0.706;50.000;0.000;2.000;0.000;0.000;0.000;0.000;0.000;0.000
2024.05.14 14:06:01;-20.000;-19.950;0.000;0.000;0.600;0.706;50.000;0.000;2.000;0.000;0.000;0.000;0.000;0.000;0.000
2024.05.14 14:07:02;-20.000;-19.952;0.000;0.000;0.600;0.706;50.000;0.000;2.000;0.000;0.000;0.000;0.000;0.000;0.000
2024.05.14 14:08:02;-20.000;-19.963;0.000;0.000;0.600;0.706;50.000;0.000;2.000;0.000;0.000;0.000;0.000;0.000;0.000
2024.05.14 14:09:02;-20.000;-19.961;0.000;0.000;0.600;0.707;50.000;0.000;2.000;0.000;0.000;0.000;0.000;0.000;0.000
2024.05.14 14:10:02;-20.000;-19.968;0.000;0.000;0.600;0.716;50.000;0.000;2.000;0.000;0.000;0.000;0.000;0.000;0.000
2024.05.14 14:11:02;-20.000;-19.962;0.000;0.000;0.600;0.703;50.000;0.000;2.000;0.000;0.000;0.000;0.000;0.000;0.000
2024.05.14 14:12:02;-20.000;-19.983;0.000;0.000;0.600;0.706;50.000;0.000;2.000;0.000;0.000;0.000;0.000;0.000;0.000
2024.05.14 14:13:02;-20.000;-19.986;0.000;0.000;0.600;0.707;50.000;0.000;2.000;0.000;0.000;0.000;0.000;0.000;0.000
2024.05.14 14:14:03;-20.000;-19.988;0.000;0.000;0.600;0.706;50.000;0.000;2.000;0.000;0.000;0.000;0.000;0.000;0.000
2024.05.14 14:15:03;-20.000;-19.982;0.000;0.000;0.600;0.706;50.000;0.000;2.000;0.000;0.000;0.000;0.000;0.000;0.000
2024.05.14 14:16:03;-20.000;-19.976;0.000;0.000;0.600;0.706;50.000;0.000;2.000;0.000;0.000;0.000;0.000;0.000;0.000
2024.05.14 14:17:03;-20.000;-19.967;0.000;0.000;0.600;0.706;50.000;0.000;2.000;0.000;0.000;0.000;0.000;0.000;0.000
2024.05.14 14:18:03;-20.000;-19.990;0.000;0.000;0.600;0.705;50.000;0.000;2.000;0.000;0.000;0.000;0.000;0.000;0.000
2024.05.14 14:19:03;-20.000;-19.976;0.000;0.000;0.600;0.705;50.000;0.000;2.000;0.000;0.000;0.000;0.000;0.000;0.000
2024.05.14 14:20:03;-20.000;-19.981;0.000;0.000;0.600;0.705;50.000;0.000;2.000;0.000;0.000;0.000;0.000;0.000;0.000
2024.05.14 14:21:04;-20.000;-19.992;0.000;0.000;0.600;0.718;50.000;0.000;2.000;0.000;0.000;0.000;0.000;0.000;0.000
2024.05.14 14:22:04;-20.000;-19.993;0.000;0.000;0.600;0.703;50.000;0.000;2.000;0.000;0.000;0.000;0.000;0.000;0.000
2024.05.14 14:23:04;-20.000;-19.993;0.000;0.000;0.600;0.706;50.000;0.000;2.000;0.000;0.000;0.000;0.000;0.000;0.000
2024.05.14 14:24:04;-20.000;-20.006;0.000;0.000;0.600;0.707;50.000;0.000;2.000;0.000;0.000;0.000;0.000;0.000;0.000
2024.05.14 14:25:04;-20.000;-20.000;0.000;0.000;0.600;0.707;50.000;0.000;2.000;0.000;0.000;0.000;0.000;0.000;0.000
2024.05.14 14:26:05;-20.000;-20.007;0.000;0.000;0.600;0.706;50.000;0.000;2.000;0.000;0.000;0.000;0.000;0.000;0.000
2024.05.14 14:27:05;-20.000;-19.993;0.000;0.000;0.600;0.706;50.000;0.000;2.000;0.000;0.000;0.000;0.000;0.000;0.000
2024.05.14 14:28:05;-20.000;-19.973;0.000;0.000;0.600;0.696;50.000;0.000;2.000;0.000;0.000;0.000;0.000;0.000;0.000
2024.05.14 14:29:05;-20.000;-19.971;0.000;0.000;0.600;0.703;50.000;0.000;2.000;0.000;0.000;0.000;0.000;0.000;0.000
2024.05.14 14:30:05;-20.000;-19.973;0.000;0.000;0.600;0.706;50.000;0.000;2.000;0.000;0.000;0.000;0.000;0.000;0.000
2024.05.14 14:31:05;-20.000;-19.988;0.000;0.000;0.600;0.707;50.000;0.000;2.000;0.000;0.000;0.000;0.000;0.000;0.000
2024.05.14 14:32:05;-20.000;-19.981;0.000;0.000;0.600;0.707;50.000;0.000;2.000;0.000;0.000;0.000;0.000;0.000;0.000
2024.05.14 14:33:05;-20.000;-19.973;0.000;0.000;0.600;0.707;50.000;0.000;2.000;0.000;0.000;0.000;0.000;0.000;0.000
2024.05.14 14:34:05;-20.000;-19.978;0.000;0.000;0.600;0.706;50.000;0.000;2.000;0.000;0.000;0.000;0.000;0.000;0.000
2024.05.14 14:35:06;-20.000;-19.978;0.000;0.000;0.600;0.706;50.000;0.000;2.000;0.000;0.000;0.000;0.000;0.000;0.000
2024.05.14 14:36:06;-20.000;-19.982;0.000;0.000;0.600;0.693;50.000;0.000;2.000;0.000;0.000;0.000;0.000;0.000;0.000
2024.05.14 14:37:06;-20.000;-19.979;0.000;0.000;0.600;0.705;50.000;0.000;2.000;0.000;0.000;0.000;0.000;0.000;0.000
2024.05.14 14:38:07;-20.000;-19.969;0.000;0.000;0.600;0.706;50.000;0.000;2.000;0.000;0.000;0.000;0.000;0.000;0.000
2024.05.14 14:39:07;-20.000;-19.986;0.000;0.000;0.600;0.707;50.000;0.000;2.000;0.000;0.000;0.000;0.000;0.000;0.000
2024.05.14 14:40:07;-20.000;-19.979;0.000;0.000;0.600;0.707;50.000;0.000;2.000;0.000;0.000;0.000;0.000;0.000;0.000
2024.05.14 14:41:07;-20.000;-19.985;0.000;0.000;0.600;0.707;50.000;0.000;2.000;0.000;0.000;0.000;0.000;0.000;0.000
2024.05.14 14:42:07;-20.000;-19.987;0.000;0.000;0.600;0.707;50.000;0.000;2.000;0.000;0.000;0.000;0.000;0.000;0.000
2024.05.14 14:43:07;-20.000;-19.996;0.000;0.000;0.600;0.707;50.000;0.000;2.000;0.000;0.000;0.000;0.000;0.000;0.000
2024.05.14 14:44:08;-20.000;-19.983;0.000;0.000;0.600;0.707;50.000;0.000;2.000;0.000;0.000;0.000;0.000;0.000;0.000
2024.05.14 14:45:08;-20.000;-19.996;0.000;0.000;0.600;0.706;50.000;0.000;2.000;0.000;0.000;0.000;0.000;0.000;0.000
2024.05.14 14:46:08;-20.000;-19.991;0.000;0.000;0.600;0.706;50.000;0.000;2.000;0.000;0.000;0.000;0.000;0.000;0.000
2024.05.14 14:47:08;-20.000;-19.989;0.000;0.000;0.600;0.706;50.000;0.000;2.000;0.000;0.000;0.000;0.000;0.000;0.000
2024.05.14 14:48:08;-20.000;-19.991;0.000;0.000;0.600;0.706;50.000;0.000;2.000;0.000;0.000;0.000;0.000;0.000;0.000
2024.05.14 14:49:08;-20.000;-19.979;0.000;0.000;0.600;0.707;50.000;0.000;2.000;0.000;0.000;0.000;0.000;0.000;0.000
2024.05.14 14:50:08;-20.000;-19.930;0.000;0.000;0.600;0.707;50.000;0.000;2.000;0.000;0.000;0.000;0.000;0.000;0.000
2024.05.14 14:51:09;-20.000;-19.913;0.000;0.000;0.600;0.709;50.000;0.000;2.000;0.000;0.000;0.000;0.000;0.000;0.000
2024.05.14 14:52:09;-20.000;-19.907;0.000;0.000;0.600;0.710;50.000;0.000;2.000;0.000;0.000;0.000;0.000;0.000;0.000
2024.05.14 14:53:09;-20.000;-19.939;0.000;0.000;0.600;0.710;50.000;0.000;2.000;0.000;0.000;0.000;0.000;0.000;0.000
2024.05.14 14:54:09;-20.000;-19.913;0.000;0.000;0.600;0.710;50.000;0.000;2.000;0.000;0.000;0.000;0.000;0.000;0.000
2024.05.14 14:55:09;-20.000;-19.903;0.000;0.000;0.600;0.709;50.000;0.000;2.000;0.000;0.000;0.000;0.000;0.000;0.000
2024.05.14 14:56:09;-20.000;-19.974;0.000;0.000;0.600;0.709;50.000;0.000;2.000;0.000;0.000;0.000;0.000;0.000;0.000
2024.05.14 14:57:10;-20.000;-19.941;0.000;0.000;0.600;0.709;50.000;0.000;2.000;0.000;0.000;0.000;0.000;0.000;0.000
2024.05.14 14:58:10;-20.000;-19.913;0.000;0.000;0.600;0.708;50.000;0.000;2.000;0.000;0.000;0.000;0.000;0.000;0.000
2024.05.14 14:59:10;-20.000;-19.911;0.000;0.000;0.000;0.215;50.000;0.000;2.000;0.000;0.000;0.000;0.000;0.000;0.000
2024.05.14 15:00:10;-20.000;-19.492;0.000;0.000;0.000;0.111;50.000;0.000;2.000;0.000;0.000;0.000;0.000;0.000;0.000
2024.05.14 15:01:10;-20.000;-18.961;0.000;0.000;0.000;0.108;50.000;0.000;2.000;0.000;0.000;0.000;0.000;0.000;0.000
2024.05.14 15:02:10;-10.000;-17.330;0.000;0.000;10.000;10.167;50.000;0.000;2.000;0.000;0.000;0.000;0.000;0.000;0.000
2024.05.14 15:03:11;-10.000;-15.169;0.000;0.000;10.000;10.172;50.000;0.000;2.000;0.000;0.000;0.000;0.000;0.000;0.000
2024.05.14 15:04:11;-10.000;-13.978;0.000;0.000;10.000;10.146;50.000;0.000;2.000;0.000;0.000;0.000;0.000;0.000;0.000
2024.05.14 15:05:11;-10.000;-13.095;0.000;0.000;10.000;10.124;50.000;0.000;2.000;0.000;0.000;0.000;0.000;0.000;0.000
2024.05.14 15:06:11;-10.000;-12.313;0.000;0.000;10.000;10.121;50.000;0.000;2.000;0.000;0.000;0.000;0.000;0.000;0.000
2024.05.14 15:07:11;-10.000;-11.629;0.000;0.000;10.000;10.117;50.000;0.000;2.000;0.000;0.000;0.000;0.000;0.000;0.000
2024.05.14 15:08:11;-10.000;-11.019;0.000;0.000;10.000;10.174;50.000;0.000;2.000;0.000;0.000;0.000;0.000;0.000;0.000
2024.05.14 15:09:11;-10.000;-10.495;0.000;0.000;10.000;10.144;50.000;0.000;2.000;0.000;0.000;0.000;0.000;0.000;0.000
2024.05.14 15:10:11;-10.000;-10.012;0.000;0.000;10.000;10.118;50.000;0.000;2.000;0.000;0.000;0.000;0.000;0.000;0.000
2024.05.14 15:11:12;-10.000;-9.579;0.000;0.000;10.000;10.125;50.000;0.000;2.000;0.000;0.000;0.000;0.000;0.000;0.000
2024.05.14 15:12:12;-10.000;-9.174;0.000;0.000;10.000;10.131;50.000;0.000;2.000;0.000;0.000;0.000;0.000;0.000;0.000
2024.05.14 15:13:12;-10.000;-8.796;0.000;0.000;10.000;10.123;50.000;0.000;2.000;0.000;0.000;0.000;0.000;0.000;0.000
